timestamp,unit_id,unit_type,empire_or_resistance,location_x,location_y,destination_x,destination_y,homeworld
2023-06-14 14:18:57,1,tie_fighter,empire,7,4,8,1,Vulpter
2023-06-14 14:18:56,2,tie_silencer,resistance,9,10,6,1,Champala
2023-06-14 14:18:55,3,x-wing,resistance,1,6,3,8,Tholoth
2023-06-14 14:18:54,4,x-wing,empire,1,1,1,2,Kashyyyk
2023-06-14 14:18:53,5,stormtrooper,resistance,9,2,1,6,Skako
2023-06-14 14:18:52,6,stormtrooper,empire,4,2,6,6,Tatooine
2023-06-14 14:18:51,7,tie_silencer,empire,2,2,9,3,Champala
2023-06-14 14:18:50,8,unknown,empire,1,10,4,1,Kashyyyk
2023-06-14 14:18:49,9,unknown,resistance,5,10,6,6,Bestine IV
2023-06-14 14:18:48,10,unknown,empire,2,5,10,1,Shili
2023-06-14 14:18:47,11,at-st,resistance,2,3,2,7,Bestine IV
2023-06-14 14:18:46,12,at-st,resistance,10,1,10,1,Shili
2023-06-14 14:18:45,13,at-st,resistance,8,6,4,5,Concord Dawn
2023-06-14 14:18:44,14,resistance_soldier,resistance,7,8,9,9,Umbara
2023-06-14 14:18:43,15,resistance_soldier,resistance,2,7,8,9,Socorro
2023-06-14 14:18:42,16,unknown,resistance,8,5,5,6,Chandrila
2023-06-14 14:18:41,17,unknown,resistance,1,1,9,2,Champala
2023-06-14 14:18:40,18,at-at,empire,1,7,1,3,Malastare
2023-06-14 14:18:39,19,tie_fighter,empire,10,4,8,10,Dorin
2023-06-14 14:18:38,20,tie_fighter,resistance,7,1,1,6,Rodia
2023-06-14 14:18:37,21,tie_silencer,resistance,8,9,2,5,Champala
2023-06-14 14:18:36,22,at-st,resistance,2,7,2,3,Corellia
2023-06-14 14:18:35,23,at-st,resistance,6,1,8,1,Naboo
2023-06-14 14:18:34,24,unknown,empire,9,3,9,3,Iridonia
2023-06-14 14:18:33,25,stormtrooper,resistance,8,6,2,8,Muunilinst
2023-06-14 14:18:32,26,at-at,resistance,7,5,2,7,Chandrila
2023-06-14 14:18:31,27,resistance_soldier,resistance,8,2,10,8,Aleen Minor
2023-06-14 14:18:30,28,at-st,resistance,8,10,4,6,Naboo
2023-06-14 14:18:29,29,at-at,resistance,5,10,10,2,Sullust
2023-06-14 14:18:28,30,x-wing,resistance,10,2,9,9,Troiken
2023-06-14 14:18:27,31,tie_silencer,empire,1,7,2,1,Trandosha
2023-06-14 14:18:26,32,tie_silencer,resistance,1,9,3,10,Alderaan
2023-06-14 14:18:25,33,tie_silencer,empire,6,7,6,7,Malastare
2023-06-14 14:18:24,34,at-st,resistance,2,1,1,3,Stewjon
2023-06-14 14:18:23,35,tie_silencer,empire,5,2,5,8,Ojom
2023-06-14 14:18:22,36,unknown,empire,8,6,2,3,Naboo
2023-06-14 14:18:21,37,tie_fighter,resistance,2,9,8,8,Stewjon
2023-06-14 14:18:20,38,unknown,resistance,6,7,10,3,Zolan
2023-06-14 14:18:19,39,x-wing,empire,8,5,3,10,Ryloth
2023-06-14 14:18:18,40,x-wing,empire,5,10,8,10,Sullust
2023-06-14 14:18:17,41,x-wing,resistance,4,5,10,2,Alderaan
2023-06-14 14:18:16,42,stormtrooper,resistance,3,8,9,9,Socorro
2023-06-14 14:18:15,43,tie_silencer,resistance,8,9,10,2,Tund
2023-06-14 14:18:14,44,resistance_soldier,resistance,1,10,2,7,Eriadu
2023-06-14 14:18:13,45,resistance_soldier,resistance,4,9,3,2,Vulpter
2023-06-14 14:18:12,46,at-at,resistance,7,10,8,8,Cerea
2023-06-14 14:18:11,47,resistance_soldier,empire,10,7,4,3,Naboo
2023-06-14 14:18:10,48,at-at,empire,9,6,3,1,Ojom
2023-06-14 14:18:09,49,tie_silencer,resistance,6,9,8,3,Mon Cala
2023-06-14 14:18:08,50,at-st,resistance,4,3,10,2,Glee Anselm
2023-06-14 14:18:07,51,stormtrooper,resistance,5,2,7,7,Ryloth
2023-06-14 14:18:06,52,tie_silencer,empire,1,2,9,3,Corellia
2023-06-14 14:18:05,53,at-at,resistance,1,1,8,6,Dathomir
2023-06-14 14:18:04,54,at-at,resistance,7,6,2,6,Iridonia
2023-06-14 14:18:03,55,at-at,empire,2,7,5,3,Dorin
2023-06-14 14:18:02,56,unknown,resistance,10,6,6,10,Zolan
2023-06-14 14:18:01,57,unknown,resistance,1,3,4,6,Dagobah
2023-06-14 14:18:00,58,unknown,resistance,6,1,4,8,Dorin
2023-06-14 14:17:59,59,tie_fighter,empire,2,4,6,1,Ryloth
2023-06-14 14:17:58,60,resistance_soldier,empire,6,7,4,8,Naboo
2023-06-14 14:17:57,61,stormtrooper,empire,3,6,10,1,Ryloth
2023-06-14 14:17:56,62,at-at,resistance,10,9,3,3,Tatooine
2023-06-14 14:17:55,63,tie_silencer,empire,10,7,1,10,Ojom
2023-06-14 14:17:54,64,resistance_soldier,resistance,7,8,7,8,Tund
2023-06-14 14:17:53,65,at-at,resistance,10,8,9,6,Aleen Minor
2023-06-14 14:17:52,66,unknown,empire,2,5,8,10,Chandrila
2023-06-14 14:17:51,67,x-wing,empire,9,4,1,3,Iktotch
2023-06-14 14:17:50,68,tie_silencer,resistance,3,5,7,7,Tatooine
2023-06-14 14:17:49,69,resistance_soldier,empire,2,4,8,5,Concord Dawn
2023-06-14 14:17:48,70,at-st,empire,5,1,4,10,Dorin
2023-06-14 14:17:47,71,resistance_soldier,resistance,4,7,1,6,Quermia
2023-06-14 14:17:46,72,resistance_soldier,empire,1,6,2,1,Rodia
2023-06-14 14:17:45,73,tie_fighter,empire,8,6,4,5,Troiken
2023-06-14 14:17:44,74,tie_fighter,empire,7,4,6,5,Champala
2023-06-14 14:17:43,75,tie_fighter,resistance,5,8,8,1,Cerea
2023-06-14 14:17:42,76,tie_silencer,empire,2,1,8,10,Mon Cala
2023-06-14 14:17:41,77,unknown,resistance,4,10,1,10,Eriadu
2023-06-14 14:17:40,78,unknown,empire,9,8,9,5,Concord Dawn
2023-06-14 14:17:39,79,tie_silencer,empire,2,3,7,5,Haruun Kal
2023-06-14 14:17:38,80,stormtrooper,resistance,7,10,10,9,Bestine IV
2023-06-14 14:17:37,81,resistance_soldier,empire,10,10,9,5,Muunilinst
2023-06-14 14:17:36,82,resistance_soldier,resistance,7,8,7,4,Troiken
2023-06-14 14:17:35,83,at-at,empire,3,1,5,5,Dathomir
2023-06-14 14:17:34,84,unknown,resistance,3,4,7,2,Dathomir
2023-06-14 14:17:33,85,tie_silencer,empire,9,4,8,3,Bestine IV
2023-06-14 14:17:32,86,unknown,empire,5,2,7,5,Kashyyyk
2023-06-14 14:17:31,87,x-wing,empire,5,8,5,9,Mirial
2023-06-14 14:17:30,88,at-st,resistance,7,5,10,4,Dagobah
2023-06-14 14:17:29,89,stormtrooper,empire,4,1,10,2,Alderaan
2023-06-14 14:17:28,90,x-wing,resistance,7,2,8,2,Concord Dawn
2023-06-14 14:17:27,91,tie_fighter,empire,6,8,1,9,Tund
2023-06-14 14:17:26,92,x-wing,resistance,10,6,6,4,Ojom
2023-06-14 14:17:25,93,tie_fighter,empire,4,7,5,8,Rodia
2023-06-14 14:17:24,94,stormtrooper,empire,1,4,1,6,Muunilinst
2023-06-14 14:17:23,95,stormtrooper,resistance,4,2,7,9,Toydaria
2023-06-14 14:17:22,96,tie_silencer,resistance,5,5,1,4,Socorro
2023-06-14 14:17:21,97,tie_silencer,empire,5,1,8,9,Dagobah
2023-06-14 14:17:20,98,tie_silencer,empire,1,1,2,3,Naboo
2023-06-14 14:17:19,99,unknown,empire,4,6,3,1,Corellia
2023-06-14 14:17:18,100,stormtrooper,resistance,5,9,4,7,Haruun Kal
2023-06-14 14:17:17,101,resistance_soldier,resistance,6,10,3,8,Iridonia
2023-06-14 14:17:16,102,tie_fighter,resistance,3,7,1,4,Concord Dawn
2023-06-14 14:17:15,103,tie_silencer,resistance,10,2,8,6,Eriadu
2023-06-14 14:17:14,104,unknown,empire,3,4,3,7,Malastare
2023-06-14 14:17:13,105,at-st,empire,5,6,5,8,Concord Dawn
2023-06-14 14:17:12,106,resistance_soldier,empire,8,1,1,5,Trandosha
2023-06-14 14:17:11,107,at-st,empire,2,7,4,9,Ryloth
2023-06-14 14:17:10,108,x-wing,empire,2,10,4,7,Cerea
2023-06-14 14:17:09,109,at-at,empire,8,2,10,4,Kashyyyk
2023-06-14 14:17:08,110,resistance_soldier,empire,5,7,6,1,Mon Cala
2023-06-14 14:17:07,111,unknown,resistance,4,5,6,7,Kalee
2023-06-14 14:17:06,112,x-wing,empire,9,9,1,10,Serenno
2023-06-14 14:17:05,113,at-st,resistance,9,1,3,4,Stewjon
2023-06-14 14:17:04,114,x-wing,resistance,8,8,1,8,Muunilinst
2023-06-14 14:17:03,115,tie_fighter,empire,9,1,10,9,Skako
2023-06-14 14:17:02,116,at-st,resistance,10,8,10,8,Trandosha
2023-06-14 14:17:01,117,stormtrooper,resistance,4,7,7,6,Eriadu
2023-06-14 14:17:00,118,at-at,empire,9,5,1,1,Socorro
2023-06-14 14:16:59,119,at-at,resistance,6,9,4,6,Cerea
2023-06-14 14:16:58,120,x-wing,empire,1,5,1,4,Cerea
2023-06-14 14:16:57,121,tie_fighter,resistance,8,7,2,10,Shili
2023-06-14 14:16:56,122,tie_fighter,resistance,4,5,4,10,Dorin
2023-06-14 14:16:55,123,at-at,resistance,2,5,7,2,Bestine IV
2023-06-14 14:16:54,124,tie_fighter,resistance,4,3,9,7,Toydaria
2023-06-14 14:16:53,125,tie_fighter,empire,1,5,5,3,Chandrila
2023-06-14 14:16:52,126,tie_silencer,resistance,1,5,5,4,Aleen Minor
2023-06-14 14:16:51,127,unknown,resistance,5,2,2,9,Zolan
2023-06-14 14:16:50,128,tie_fighter,resistance,1,2,10,2,Shili
2023-06-14 14:16:49,129,at-st,empire,3,5,5,7,Iktotch
2023-06-14 14:16:48,130,at-at,resistance,10,5,2,4,Muunilinst
2023-06-14 14:16:47,131,unknown,empire,7,10,6,10,Kalee
2023-06-14 14:16:46,132,x-wing,empire,6,5,10,3,Vulpter
2023-06-14 14:16:45,133,tie_silencer,resistance,5,7,6,9,Champala
2023-06-14 14:16:44,134,at-at,empire,3,3,9,2,Glee Anselm
2023-06-14 14:16:43,135,unknown,empire,1,3,9,2,Ryloth
2023-06-14 14:16:42,136,at-st,empire,7,3,4,6,Quermia
2023-06-14 14:16:41,137,x-wing,resistance,3,7,1,10,Glee Anselm
2023-06-14 14:16:40,138,at-at,resistance,6,4,2,10,Mon Cala
2023-06-14 14:16:39,139,x-wing,empire,7,10,6,6,Socorro
2023-06-14 14:16:38,140,tie_fighter,resistance,7,6,8,7,Quermia
2023-06-14 14:16:37,141,at-at,empire,9,8,6,1,Glee Anselm
2023-06-14 14:16:36,142,at-st,empire,10,4,8,1,Tholoth
2023-06-14 14:16:35,143,tie_fighter,empire,4,5,7,3,Iridonia
2023-06-14 14:16:34,144,stormtrooper,resistance,9,7,1,6,Vulpter
2023-06-14 14:16:33,145,resistance_soldier,resistance,3,7,1,3,Ojom
2023-06-14 14:16:32,146,at-st,empire,2,10,10,10,Sullust
2023-06-14 14:16:31,147,stormtrooper,empire,5,6,4,3,Haruun Kal
2023-06-14 14:16:30,148,tie_fighter,resistance,8,5,6,7,Socorro
2023-06-14 14:16:29,149,at-st,empire,5,8,9,6,Muunilinst
2023-06-14 14:16:28,150,x-wing,resistance,9,9,1,5,Corellia
2023-06-14 14:16:27,151,resistance_soldier,empire,9,6,8,2,Tatooine
2023-06-14 14:16:26,152,tie_silencer,resistance,8,8,7,10,Tholoth
2023-06-14 14:16:25,153,at-at,resistance,1,6,6,2,Kalee
2023-06-14 14:16:24,154,tie_fighter,empire,1,3,6,1,Troiken
2023-06-14 14:16:23,155,tie_silencer,resistance,6,2,1,2,Toydaria
2023-06-14 14:16:22,156,tie_fighter,resistance,4,7,1,6,Toydaria
2023-06-14 14:16:21,157,tie_fighter,resistance,5,3,8,7,Ojom
2023-06-14 14:16:20,158,at-st,resistance,4,4,7,8,Quermia
2023-06-14 14:16:19,159,stormtrooper,resistance,5,10,3,2,Chandrila
2023-06-14 14:16:18,160,resistance_soldier,resistance,2,3,7,2,Muunilinst
2023-06-14 14:16:17,161,at-at,empire,8,9,10,3,Chandrila
2023-06-14 14:16:16,162,resistance_soldier,empire,5,9,4,9,Ryloth
2023-06-14 14:16:15,163,tie_silencer,empire,7,1,4,8,Ojom
2023-06-14 14:16:14,164,at-at,resistance,5,5,10,7,Kalee
2023-06-14 14:16:13,165,stormtrooper,resistance,2,6,9,1,Troiken
2023-06-14 14:16:12,166,at-at,resistance,6,9,10,10,Corellia
2023-06-14 14:16:11,167,stormtrooper,resistance,2,6,5,7,Tund
2023-06-14 14:16:10,168,at-at,resistance,4,9,3,7,Concord Dawn
2023-06-14 14:16:09,169,stormtrooper,resistance,4,3,3,8,Mon Cala
2023-06-14 14:16:08,170,at-st,empire,4,4,8,3,Ryloth
2023-06-14 14:16:07,171,resistance_soldier,empire,6,6,1,4,Bestine IV
2023-06-14 14:16:06,172,at-at,resistance,10,6,6,10,Champala
2023-06-14 14:16:05,173,x-wing,resistance,5,8,4,2,Rodia
2023-06-14 14:16:04,174,x-wing,empire,1,1,5,1,Tholoth
2023-06-14 14:16:03,175,tie_silencer,resistance,7,2,1,4,Mon Cala
2023-06-14 14:16:02,176,at-st,resistance,3,8,3,9,Rodia
2023-06-14 14:16:01,177,x-wing,empire,5,2,5,1,Skako
2023-06-14 14:16:00,178,at-st,resistance,9,2,8,4,Iridonia
2023-06-14 14:15:59,179,stormtrooper,empire,7,1,7,7,Quermia
2023-06-14 14:15:58,180,tie_fighter,empire,2,7,8,8,Toydaria
2023-06-14 14:15:57,181,tie_fighter,resistance,9,4,2,1,Mon Cala
2023-06-14 14:15:56,182,at-st,empire,8,7,1,4,Muunilinst
2023-06-14 14:15:55,183,stormtrooper,empire,5,5,9,6,Muunilinst
2023-06-14 14:15:54,184,tie_silencer,empire,9,3,3,7,Naboo
2023-06-14 14:15:53,185,x-wing,resistance,5,8,7,5,Haruun Kal
2023-06-14 14:15:52,186,resistance_soldier,empire,9,3,9,7,Toydaria
2023-06-14 14:15:51,187,unknown,resistance,2,6,6,6,Cerea
2023-06-14 14:15:50,188,unknown,resistance,4,9,10,7,Iktotch
2023-06-14 14:15:49,189,tie_fighter,empire,8,6,3,10,Vulpter
2023-06-14 14:15:48,190,tie_fighter,empire,10,6,1,6,Sullust
2023-06-14 14:15:47,191,resistance_soldier,empire,3,1,4,9,Haruun Kal
2023-06-14 14:15:46,192,unknown,empire,1,10,10,6,Trandosha
2023-06-14 14:15:45,193,x-wing,empire,4,8,10,4,Mirial
2023-06-14 14:15:44,194,unknown,resistance,8,10,7,10,Malastare
2023-06-14 14:15:43,195,stormtrooper,empire,8,7,2,1,Malastare
2023-06-14 14:15:42,196,at-st,empire,10,2,10,8,Troiken
2023-06-14 14:15:41,197,resistance_soldier,resistance,3,9,9,2,Socorro
2023-06-14 14:15:40,198,resistance_soldier,empire,8,7,6,9,Concord Dawn
2023-06-14 14:15:39,199,at-st,resistance,3,7,7,4,Iridonia
2023-06-14 14:15:38,200,stormtrooper,resistance,6,9,10,5,Shili
2023-06-14 14:15:37,201,at-at,empire,7,8,9,8,Haruun Kal
2023-06-14 14:15:36,202,at-at,empire,2,9,8,10,Ryloth
2023-06-14 14:15:35,203,at-at,empire,5,6,3,2,Eriadu
2023-06-14 14:15:34,204,stormtrooper,resistance,2,7,3,6,Champala
2023-06-14 14:15:33,205,tie_silencer,empire,6,5,4,7,Iktotch
2023-06-14 14:15:32,206,resistance_soldier,resistance,7,7,9,10,Serenno
2023-06-14 14:15:31,207,x-wing,empire,8,3,5,8,Kalee
2023-06-14 14:15:30,208,at-st,resistance,1,2,7,7,Dorin
2023-06-14 14:15:29,209,stormtrooper,empire,2,5,10,5,Skako
2023-06-14 14:15:28,210,unknown,resistance,3,6,5,7,Champala
2023-06-14 14:15:27,211,x-wing,empire,2,7,9,6,Trandosha
2023-06-14 14:15:26,212,tie_silencer,empire,3,5,8,1,Zolan
2023-06-14 14:15:25,213,x-wing,empire,8,3,2,4,Mon Cala
2023-06-14 14:15:24,214,unknown,empire,4,10,10,9,Vulpter
2023-06-14 14:15:23,215,tie_fighter,resistance,9,5,2,10,Mirial
2023-06-14 14:15:22,216,tie_fighter,empire,3,1,2,7,Glee Anselm
2023-06-14 14:15:21,217,at-st,empire,9,6,8,4,Glee Anselm
2023-06-14 14:15:20,218,stormtrooper,resistance,9,6,5,2,Cerea
2023-06-14 14:15:19,219,tie_fighter,resistance,4,8,8,1,Tholoth
2023-06-14 14:15:18,220,at-st,resistance,10,9,5,9,Socorro
2023-06-14 14:15:17,221,tie_silencer,empire,5,5,10,4,Kalee
2023-06-14 14:15:16,222,unknown,empire,6,6,4,8,Ojom
2023-06-14 14:15:15,223,tie_silencer,resistance,3,2,3,3,Tund
2023-06-14 14:15:14,224,at-at,empire,9,2,10,3,Skako
2023-06-14 14:15:13,225,stormtrooper,empire,10,4,9,6,Umbara
2023-06-14 14:15:12,226,unknown,empire,8,1,2,4,Iridonia
2023-06-14 14:15:11,227,unknown,empire,2,1,4,10,Alderaan
2023-06-14 14:15:10,228,x-wing,empire,1,3,4,6,Eriadu
2023-06-14 14:15:09,229,at-st,resistance,2,4,7,3,Concord Dawn
2023-06-14 14:15:08,230,at-at,resistance,3,9,5,7,Cerea
2023-06-14 14:15:07,231,tie_fighter,empire,10,7,8,3,Iktotch
2023-06-14 14:15:06,232,x-wing,resistance,5,8,10,2,Mirial
2023-06-14 14:15:05,233,stormtrooper,empire,6,7,1,2,Vulpter
2023-06-14 14:15:04,234,unknown,empire,5,8,5,1,Bestine IV
2023-06-14 14:15:03,235,tie_fighter,empire,5,9,5,2,Trandosha
2023-06-14 14:15:02,236,unknown,empire,8,3,5,9,Eriadu
2023-06-14 14:15:01,237,at-at,resistance,7,8,7,6,Quermia
2023-06-14 14:15:00,238,tie_fighter,empire,2,6,8,6,Alderaan
2023-06-14 14:14:59,239,unknown,resistance,5,7,1,6,Eriadu
2023-06-14 14:14:58,240,unknown,resistance,8,6,5,9,Shili
2023-06-14 14:14:57,241,unknown,empire,3,2,9,8,Muunilinst
2023-06-14 14:14:56,242,at-at,empire,6,4,8,6,Sullust
2023-06-14 14:14:55,243,resistance_soldier,empire,8,4,8,8,Naboo
2023-06-14 14:14:54,244,at-at,empire,7,8,8,2,Aleen Minor
2023-06-14 14:14:53,245,stormtrooper,resistance,2,3,6,5,Shili
2023-06-14 14:14:52,246,at-st,empire,3,5,4,4,Alderaan
2023-06-14 14:14:51,247,resistance_soldier,resistance,2,10,6,8,Kalee
2023-06-14 14:14:50,248,resistance_soldier,resistance,3,7,10,10,Alderaan
2023-06-14 14:14:49,249,at-st,empire,4,7,6,6,Ryloth
2023-06-14 14:14:48,250,at-st,resistance,6,3,7,7,Ojom
2023-06-14 14:14:47,251,stormtrooper,resistance,7,1,8,7,Muunilinst
2023-06-14 14:14:46,252,x-wing,empire,7,3,9,1,Dathomir
2023-06-14 14:14:45,253,unknown,empire,2,6,2,9,Alderaan
2023-06-14 14:14:44,254,unknown,resistance,10,10,9,1,Zolan
2023-06-14 14:14:43,255,tie_silencer,empire,6,1,6,6,Kashyyyk
2023-06-14 14:14:42,256,tie_silencer,resistance,2,5,5,6,Mon Cala
2023-06-14 14:14:41,257,resistance_soldier,empire,1,7,4,9,Muunilinst
2023-06-14 14:14:40,258,unknown,resistance,7,4,9,2,Umbara
2023-06-14 14:14:39,259,resistance_soldier,empire,8,2,9,3,Vulpter
2023-06-14 14:14:38,260,tie_silencer,empire,2,9,2,4,Tund
2023-06-14 14:14:37,261,tie_fighter,resistance,2,10,6,5,Quermia
2023-06-14 14:14:36,262,resistance_soldier,resistance,1,3,7,5,Aleen Minor
2023-06-14 14:14:35,263,x-wing,resistance,3,7,9,6,Iktotch
2023-06-14 14:14:34,264,resistance_soldier,resistance,4,3,7,2,Champala
2023-06-14 14:14:33,265,stormtrooper,resistance,7,8,10,9,Bestine IV
2023-06-14 14:14:32,266,unknown,resistance,5,7,9,6,Cerea
2023-06-14 14:14:31,267,at-st,empire,2,9,1,8,Socorro
2023-06-14 14:14:30,268,stormtrooper,empire,5,3,2,2,Eriadu
2023-06-14 14:14:29,269,resistance_soldier,resistance,7,3,2,3,Zolan
2023-06-14 14:14:28,270,tie_fighter,empire,3,6,4,5,Muunilinst
2023-06-14 14:14:27,271,x-wing,empire,6,6,2,9,Bestine IV
2023-06-14 14:14:26,272,unknown,empire,3,2,1,4,Mirial
2023-06-14 14:14:25,273,unknown,resistance,3,6,2,4,Kalee
2023-06-14 14:14:24,274,resistance_soldier,resistance,3,5,8,10,Toydaria
2023-06-14 14:14:23,275,tie_silencer,resistance,4,7,8,10,Dorin
2023-06-14 14:14:22,276,at-at,empire,5,2,4,8,Shili
2023-06-14 14:14:21,277,unknown,resistance,10,2,8,1,Iridonia
2023-06-14 14:14:20,278,at-at,resistance,3,3,8,4,Chandrila
2023-06-14 14:14:19,279,at-at,empire,7,6,7,6,Serenno
2023-06-14 14:14:18,280,unknown,empire,3,10,7,9,Dagobah
2023-06-14 14:14:17,281,stormtrooper,empire,6,4,3,9,Cerea
2023-06-14 14:14:16,282,unknown,resistance,4,3,7,5,Muunilinst
2023-06-14 14:14:15,283,tie_silencer,resistance,8,7,4,5,Kalee
2023-06-14 14:14:14,284,at-st,resistance,5,4,5,1,Kashyyyk
2023-06-14 14:14:13,285,resistance_soldier,empire,7,1,4,2,Sullust
2023-06-14 14:14:12,286,x-wing,empire,9,9,2,6,Iridonia
2023-06-14 14:14:11,287,unknown,empire,9,3,1,10,Tatooine
2023-06-14 14:14:10,288,at-at,resistance,9,10,2,10,Kashyyyk
2023-06-14 14:14:09,289,at-at,empire,4,9,8,8,Troiken
2023-06-14 14:14:08,290,unknown,empire,2,7,2,5,Ryloth
2023-06-14 14:14:07,291,x-wing,resistance,8,7,10,10,Trandosha
2023-06-14 14:14:06,292,at-at,resistance,6,5,1,1,Corellia
2023-06-14 14:14:05,293,unknown,empire,3,6,1,10,Kalee
2023-06-14 14:14:04,294,stormtrooper,resistance,3,10,3,8,Tatooine
2023-06-14 14:14:03,295,unknown,empire,9,3,4,6,Malastare
2023-06-14 14:14:02,296,unknown,resistance,3,3,5,7,Alderaan
2023-06-14 14:14:01,297,at-st,resistance,2,3,3,1,Mon Cala
2023-06-14 14:14:00,298,at-at,resistance,1,8,10,10,Vulpter
2023-06-14 14:13:59,299,x-wing,empire,9,9,7,6,Sullust
2023-06-14 14:13:58,300,at-st,empire,4,4,10,8,Vulpter
2023-06-14 14:13:57,301,stormtrooper,resistance,6,8,10,5,Quermia
2023-06-14 14:13:56,302,unknown,resistance,4,10,6,8,Concord Dawn
2023-06-14 14:13:55,303,stormtrooper,resistance,4,6,2,7,Malastare
2023-06-14 14:13:54,304,tie_fighter,empire,6,7,9,1,Tund
2023-06-14 14:13:53,305,resistance_soldier,empire,1,7,1,8,Bestine IV
2023-06-14 14:13:52,306,resistance_soldier,empire,2,1,1,5,Alderaan
2023-06-14 14:13:51,307,resistance_soldier,resistance,7,3,10,7,Tholoth
2023-06-14 14:13:50,308,x-wing,resistance,8,10,8,4,Zolan
2023-06-14 14:13:49,309,unknown,resistance,5,5,9,3,Iktotch
2023-06-14 14:13:48,310,x-wing,resistance,2,9,6,3,Trandosha
2023-06-14 14:13:47,311,at-st,empire,6,1,1,2,Tatooine
2023-06-14 14:13:46,312,tie_fighter,empire,9,9,5,4,Concord Dawn
2023-06-14 14:13:45,313,unknown,empire,6,7,4,10,Glee Anselm
2023-06-14 14:13:44,314,tie_silencer,resistance,1,2,1,9,Socorro
2023-06-14 14:13:43,315,tie_silencer,empire,2,1,4,8,Champala
2023-06-14 14:13:42,316,stormtrooper,resistance,3,1,8,2,Ryloth
2023-06-14 14:13:41,317,tie_silencer,empire,7,9,8,4,Toydaria
2023-06-14 14:13:40,318,x-wing,empire,5,1,9,9,Tund
2023-06-14 14:13:39,319,tie_fighter,empire,1,1,9,5,Shili
2023-06-14 14:13:38,320,x-wing,empire,6,6,5,8,Umbara
2023-06-14 14:13:37,321,resistance_soldier,empire,10,9,3,2,Chandrila
2023-06-14 14:13:36,322,tie_silencer,resistance,3,9,5,7,Muunilinst
2023-06-14 14:13:35,323,unknown,empire,4,9,6,2,Dagobah
2023-06-14 14:13:34,324,unknown,resistance,6,2,3,7,Quermia
2023-06-14 14:13:33,325,tie_fighter,empire,10,7,9,8,Vulpter
2023-06-14 14:13:32,326,x-wing,empire,10,3,2,5,Shili
2023-06-14 14:13:31,327,at-at,resistance,5,9,2,4,Troiken
2023-06-14 14:13:30,328,tie_fighter,resistance,5,10,1,2,Skako
2023-06-14 14:13:29,329,unknown,empire,2,10,8,2,Tholoth
2023-06-14 14:13:28,330,tie_silencer,empire,10,8,10,3,Ryloth
2023-06-14 14:13:27,331,unknown,resistance,2,7,9,7,Mirial
2023-06-14 14:13:26,332,unknown,empire,2,1,6,9,Umbara
2023-06-14 14:13:25,333,resistance_soldier,resistance,2,10,2,8,Iridonia
2023-06-14 14:13:24,334,unknown,resistance,6,8,3,4,Sullust
2023-06-14 14:13:23,335,tie_silencer,resistance,6,10,7,6,Haruun Kal
2023-06-14 14:13:22,336,tie_fighter,empire,2,6,3,3,Sullust
2023-06-14 14:13:21,337,at-st,resistance,1,5,4,6,Champala
2023-06-14 14:13:20,338,tie_silencer,empire,7,6,5,4,Tund
2023-06-14 14:13:19,339,at-st,empire,1,8,6,2,Champala
2023-06-14 14:13:18,340,at-st,empire,4,6,2,3,Malastare
2023-06-14 14:13:17,341,tie_silencer,resistance,9,10,6,5,Umbara
2023-06-14 14:13:16,342,tie_fighter,resistance,7,8,7,2,Concord Dawn
2023-06-14 14:13:15,343,stormtrooper,resistance,9,3,1,9,Naboo
2023-06-14 14:13:14,344,stormtrooper,empire,2,3,9,6,Skako
2023-06-14 14:13:13,345,at-at,empire,6,1,4,1,Iktotch
2023-06-14 14:13:12,346,at-st,empire,2,4,7,4,Kashyyyk
2023-06-14 14:13:11,347,tie_fighter,resistance,9,2,4,4,Skako
2023-06-14 14:13:10,348,resistance_soldier,resistance,6,2,1,8,Tatooine
2023-06-14 14:13:09,349,unknown,empire,8,8,6,3,Toydaria
2023-06-14 14:13:08,350,at-at,resistance,3,4,6,10,Vulpter
2023-06-14 14:13:07,351,tie_fighter,empire,5,5,9,2,Mon Cala
2023-06-14 14:13:06,352,at-st,resistance,6,5,4,9,Corellia
2023-06-14 14:13:05,353,x-wing,resistance,4,7,1,4,Naboo
2023-06-14 14:13:04,354,tie_silencer,empire,7,5,9,7,Bestine IV
2023-06-14 14:13:03,355,at-st,resistance,6,5,3,8,Serenno
2023-06-14 14:13:02,356,unknown,empire,5,9,3,10,Shili
2023-06-14 14:13:01,357,unknown,empire,4,10,6,2,Glee Anselm
2023-06-14 14:13:00,358,at-st,empire,10,6,7,5,Naboo
2023-06-14 14:12:59,359,resistance_soldier,empire,9,1,8,2,Sullust
2023-06-14 14:12:58,360,stormtrooper,resistance,8,1,8,1,Shili
2023-06-14 14:12:57,361,at-at,resistance,7,9,6,8,Tholoth
2023-06-14 14:12:56,362,tie_silencer,resistance,5,5,8,7,Trandosha
2023-06-14 14:12:55,363,tie_silencer,empire,7,10,9,5,Malastare
2023-06-14 14:12:54,364,tie_silencer,empire,6,3,4,10,Dorin
2023-06-14 14:12:53,365,at-st,resistance,7,6,6,2,Eriadu
2023-06-14 14:12:52,366,resistance_soldier,empire,4,9,9,2,Dagobah
2023-06-14 14:12:51,367,x-wing,empire,8,6,3,3,Dorin
2023-06-14 14:12:50,368,tie_silencer,resistance,2,9,4,2,Sullust
2023-06-14 14:12:49,369,x-wing,resistance,4,8,7,7,Kalee
2023-06-14 14:12:48,370,stormtrooper,empire,6,6,7,9,Champala
2023-06-14 14:12:47,371,unknown,empire,4,2,10,4,Ryloth
2023-06-14 14:12:46,372,stormtrooper,empire,9,7,8,6,Haruun Kal
2023-06-14 14:12:45,373,tie_silencer,resistance,3,4,6,7,Eriadu
2023-06-14 14:12:44,374,x-wing,resistance,4,3,7,8,Stewjon
2023-06-14 14:12:43,375,at-at,empire,7,3,8,6,Zolan
2023-06-14 14:12:42,376,stormtrooper,empire,4,4,2,6,Toydaria
2023-06-14 14:12:41,377,stormtrooper,empire,7,6,9,2,Corellia
2023-06-14 14:12:40,378,at-st,empire,8,7,2,5,Eriadu
2023-06-14 14:12:39,379,stormtrooper,empire,1,9,9,9,Alderaan
2023-06-14 14:12:38,380,resistance_soldier,empire,9,10,2,1,Champala
2023-06-14 14:12:37,381,resistance_soldier,resistance,7,3,5,7,Tund
2023-06-14 14:12:36,382,x-wing,resistance,7,3,4,3,Stewjon
2023-06-14 14:12:35,383,resistance_soldier,resistance,8,6,8,3,Kalee
2023-06-14 14:12:34,384,tie_silencer,empire,9,10,10,4,Malastare
2023-06-14 14:12:33,385,tie_fighter,empire,2,10,10,5,Umbara
2023-06-14 14:12:32,386,at-st,empire,1,2,2,1,Shili
2023-06-14 14:12:31,387,at-st,empire,7,9,10,1,Shili
2023-06-14 14:12:30,388,unknown,resistance,2,10,7,3,Socorro
2023-06-14 14:12:29,389,resistance_soldier,resistance,8,10,8,2,Mirial
2023-06-14 14:12:28,390,x-wing,resistance,9,1,5,5,Trandosha
2023-06-14 14:12:27,391,at-at,resistance,6,8,2,3,Aleen Minor
2023-06-14 14:12:26,392,at-at,resistance,4,9,9,7,Tholoth
2023-06-14 14:12:25,393,at-st,empire,4,7,9,9,Naboo
2023-06-14 14:12:24,394,at-at,empire,9,1,6,6,Dorin
2023-06-14 14:12:23,395,at-at,resistance,7,1,3,5,Mon Cala
2023-06-14 14:12:22,396,x-wing,resistance,10,10,4,10,Eriadu
2023-06-14 14:12:21,397,unknown,resistance,10,2,9,1,Alderaan
2023-06-14 14:12:20,398,tie_fighter,resistance,9,6,4,6,Malastare
2023-06-14 14:12:19,399,resistance_soldier,resistance,7,7,5,5,Toydaria
2023-06-14 14:12:18,400,tie_fighter,resistance,1,2,9,2,Dagobah
2023-06-14 14:12:17,401,at-st,empire,4,3,9,8,Dagobah
2023-06-14 14:12:16,402,unknown,empire,9,5,3,1,Stewjon
2023-06-14 14:12:15,403,at-st,empire,6,1,9,6,Tatooine
2023-06-14 14:12:14,404,resistance_soldier,empire,7,4,5,5,Kashyyyk
2023-06-14 14:12:13,405,unknown,resistance,10,8,4,9,Ryloth
2023-06-14 14:12:12,406,x-wing,resistance,4,5,1,1,Tund
2023-06-14 14:12:11,407,resistance_soldier,empire,4,4,4,9,Corellia
2023-06-14 14:12:10,408,at-st,empire,6,3,9,3,Kashyyyk
2023-06-14 14:12:09,409,resistance_soldier,empire,6,5,3,2,Chandrila
2023-06-14 14:12:08,410,unknown,empire,7,8,10,7,Eriadu
2023-06-14 14:12:07,411,at-st,resistance,7,8,2,6,Iridonia
2023-06-14 14:12:06,412,tie_fighter,resistance,3,3,9,5,Kashyyyk
2023-06-14 14:12:05,413,resistance_soldier,empire,6,1,9,2,Corellia
2023-06-14 14:12:04,414,resistance_soldier,resistance,5,3,9,10,Eriadu
2023-06-14 14:12:03,415,stormtrooper,resistance,7,2,7,6,Rodia
2023-06-14 14:12:02,416,tie_fighter,resistance,10,1,7,1,Trandosha
2023-06-14 14:12:01,417,unknown,empire,2,7,7,10,Socorro
2023-06-14 14:12:00,418,x-wing,empire,8,3,3,10,Shili
2023-06-14 14:11:59,419,stormtrooper,resistance,2,6,10,5,Eriadu
2023-06-14 14:11:58,420,x-wing,resistance,3,1,9,7,Ryloth
2023-06-14 14:11:57,421,tie_fighter,empire,10,2,9,3,Haruun Kal
2023-06-14 14:11:56,422,unknown,empire,2,10,1,7,Cerea
2023-06-14 14:11:55,423,resistance_soldier,empire,8,5,7,6,Mirial
2023-06-14 14:11:54,424,tie_silencer,resistance,4,10,1,2,Sullust
2023-06-14 14:11:53,425,resistance_soldier,empire,6,5,5,5,Dorin
2023-06-14 14:11:52,426,at-at,resistance,8,1,9,6,Umbara
2023-06-14 14:11:51,427,resistance_soldier,resistance,7,2,10,6,Shili
2023-06-14 14:11:50,428,x-wing,empire,2,6,3,10,Concord Dawn
2023-06-14 14:11:49,429,tie_silencer,empire,3,8,3,1,Stewjon
2023-06-14 14:11:48,430,unknown,empire,10,4,9,3,Champala
2023-06-14 14:11:47,431,x-wing,empire,2,9,8,2,Skako
2023-06-14 14:11:46,432,stormtrooper,empire,10,7,4,2,Mirial
2023-06-14 14:11:45,433,at-st,empire,10,3,6,8,Mirial
2023-06-14 14:11:44,434,at-at,resistance,5,5,5,5,Champala
2023-06-14 14:11:43,435,x-wing,empire,8,8,8,3,Trandosha
2023-06-14 14:11:42,436,at-st,resistance,1,7,9,2,Iridonia
2023-06-14 14:11:41,437,resistance_soldier,resistance,5,1,7,2,Vulpter
2023-06-14 14:11:40,438,at-st,resistance,8,8,4,10,Serenno
2023-06-14 14:11:39,439,stormtrooper,empire,7,3,8,6,Kalee
2023-06-14 14:11:38,440,unknown,empire,5,2,8,7,Stewjon
2023-06-14 14:11:37,441,x-wing,empire,7,6,10,9,Dathomir
2023-06-14 14:11:36,442,x-wing,resistance,1,2,3,1,Dathomir
2023-06-14 14:11:35,443,at-st,empire,5,4,2,1,Socorro
2023-06-14 14:11:34,444,stormtrooper,resistance,9,2,9,9,Haruun Kal
2023-06-14 14:11:33,445,unknown,resistance,7,3,10,3,Haruun Kal
2023-06-14 14:11:32,446,at-st,resistance,6,4,10,5,Serenno
2023-06-14 14:11:31,447,x-wing,resistance,7,3,7,3,Tholoth
2023-06-14 14:11:30,448,at-at,empire,7,10,10,8,Bestine IV
2023-06-14 14:11:29,449,at-at,resistance,9,8,5,4,Iridonia
2023-06-14 14:11:28,450,tie_silencer,resistance,6,4,4,6,Ryloth
2023-06-14 14:11:27,451,stormtrooper,empire,7,10,10,10,Muunilinst
2023-06-14 14:11:26,452,tie_fighter,empire,9,6,5,9,Troiken
2023-06-14 14:11:25,453,tie_fighter,empire,8,7,8,9,Troiken
2023-06-14 14:11:24,454,tie_fighter,resistance,3,9,6,2,Muunilinst
2023-06-14 14:11:23,455,stormtrooper,empire,2,3,6,3,Dathomir
2023-06-14 14:11:22,456,at-at,resistance,2,2,7,2,Naboo
2023-06-14 14:11:21,457,x-wing,resistance,5,2,3,1,Dathomir
2023-06-14 14:11:20,458,at-at,empire,1,5,5,9,Tund
2023-06-14 14:11:19,459,resistance_soldier,empire,7,4,6,9,Malastare
2023-06-14 14:11:18,460,resistance_soldier,resistance,8,5,1,8,Stewjon
2023-06-14 14:11:17,461,tie_silencer,empire,8,3,10,10,Skako
2023-06-14 14:11:16,462,x-wing,resistance,7,3,1,2,Trandosha
2023-06-14 14:11:15,463,at-st,empire,2,4,3,6,Zolan
2023-06-14 14:11:14,464,resistance_soldier,empire,4,7,6,4,Mirial
2023-06-14 14:11:13,465,at-at,resistance,9,3,9,1,Alderaan
2023-06-14 14:11:12,466,tie_silencer,empire,5,9,9,10,Glee Anselm
2023-06-14 14:11:11,467,at-at,empire,4,5,6,5,Mon Cala
2023-06-14 14:11:10,468,resistance_soldier,empire,8,7,4,10,Troiken
2023-06-14 14:11:09,469,resistance_soldier,empire,7,1,8,5,Haruun Kal
2023-06-14 14:11:08,470,unknown,resistance,5,1,7,6,Vulpter
2023-06-14 14:11:07,471,tie_fighter,resistance,7,1,5,8,Vulpter
2023-06-14 14:11:06,472,resistance_soldier,resistance,2,8,8,5,Ryloth
2023-06-14 14:11:05,473,unknown,empire,6,5,2,2,Toydaria
2023-06-14 14:11:04,474,at-st,empire,1,3,5,6,Dathomir
2023-06-14 14:11:03,475,x-wing,resistance,4,10,2,7,Eriadu
2023-06-14 14:11:02,476,at-st,empire,2,10,5,3,Eriadu
2023-06-14 14:11:01,477,x-wing,resistance,6,6,7,5,Kashyyyk
2023-06-14 14:11:00,478,tie_fighter,empire,7,4,3,1,Concord Dawn
2023-06-14 14:10:59,479,at-at,resistance,10,1,10,8,Malastare
2023-06-14 14:10:58,480,x-wing,resistance,3,10,2,10,Kashyyyk
2023-06-14 14:10:57,481,unknown,empire,8,2,1,3,Tholoth
2023-06-14 14:10:56,482,unknown,resistance,3,1,8,5,Malastare
2023-06-14 14:10:55,483,tie_silencer,empire,7,10,6,6,Malastare
2023-06-14 14:10:54,484,tie_fighter,resistance,7,4,8,8,Tund
2023-06-14 14:10:53,485,stormtrooper,resistance,8,5,2,8,Ryloth
2023-06-14 14:10:52,486,resistance_soldier,resistance,9,7,8,1,Naboo
2023-06-14 14:10:51,487,stormtrooper,empire,9,4,5,9,Mirial
2023-06-14 14:10:50,488,x-wing,resistance,6,3,7,6,Sullust
2023-06-14 14:10:49,489,resistance_soldier,empire,8,6,9,7,Dagobah
2023-06-14 14:10:48,490,unknown,resistance,6,9,2,3,Bestine IV
2023-06-14 14:10:47,491,at-at,resistance,2,3,1,3,Umbara
2023-06-14 14:10:46,492,x-wing,empire,2,6,6,2,Serenno
2023-06-14 14:10:45,493,at-at,resistance,6,5,9,7,Bestine IV
2023-06-14 14:10:44,494,tie_fighter,empire,10,2,1,7,Umbara
2023-06-14 14:10:43,495,tie_fighter,empire,8,3,2,7,Quermia
2023-06-14 14:10:42,496,tie_fighter,empire,9,8,2,10,Ojom
2023-06-14 14:10:41,497,tie_fighter,empire,5,5,1,2,Stewjon
2023-06-14 14:10:40,498,tie_silencer,empire,1,3,5,8,Tholoth
2023-06-14 14:10:39,499,tie_silencer,resistance,7,2,4,3,Mirial
2023-06-14 14:10:38,500,stormtrooper,resistance,8,9,10,3,Iktotch
2023-06-14 14:10:37,501,at-st,empire,4,10,4,4,Alderaan
2023-06-14 14:10:36,502,stormtrooper,resistance,10,1,3,1,Malastare
2023-06-14 14:10:35,503,at-at,resistance,10,6,7,6,Tholoth
2023-06-14 14:10:34,504,tie_silencer,resistance,5,8,8,10,Kalee
2023-06-14 14:10:33,505,at-at,empire,9,9,1,5,Zolan
2023-06-14 14:10:32,506,x-wing,resistance,2,2,3,5,Iridonia
2023-06-14 14:10:31,507,resistance_soldier,empire,9,7,4,5,Concord Dawn
2023-06-14 14:10:30,508,at-st,resistance,10,10,3,3,Champala
2023-06-14 14:10:29,509,resistance_soldier,empire,1,7,5,5,Socorro
2023-06-14 14:10:28,510,stormtrooper,empire,8,1,5,2,Dagobah
2023-06-14 14:10:27,511,resistance_soldier,empire,9,4,6,10,Vulpter
2023-06-14 14:10:26,512,at-st,resistance,10,4,9,9,Troiken
2023-06-14 14:10:25,513,stormtrooper,resistance,6,2,6,8,Glee Anselm
2023-06-14 14:10:24,514,tie_silencer,empire,8,8,1,9,Tatooine
2023-06-14 14:10:23,515,tie_silencer,resistance,9,2,5,3,Chandrila
2023-06-14 14:10:22,516,stormtrooper,resistance,1,9,8,1,Iridonia
2023-06-14 14:10:21,517,stormtrooper,resistance,6,9,5,4,Concord Dawn
2023-06-14 14:10:20,518,at-at,empire,2,9,6,5,Alderaan
2023-06-14 14:10:19,519,resistance_soldier,empire,5,6,3,9,Skako
2023-06-14 14:10:18,520,tie_fighter,resistance,4,4,5,3,Aleen Minor
2023-06-14 14:10:17,521,at-st,empire,5,4,2,5,Tund
2023-06-14 14:10:16,522,unknown,resistance,5,6,2,6,Mon Cala
2023-06-14 14:10:15,523,at-at,resistance,1,8,1,7,Corellia
2023-06-14 14:10:14,524,stormtrooper,empire,2,4,4,8,Muunilinst
2023-06-14 14:10:13,525,at-at,empire,3,1,6,1,Dorin
2023-06-14 14:10:12,526,resistance_soldier,resistance,1,6,8,1,Dagobah
2023-06-14 14:10:11,527,resistance_soldier,resistance,4,5,4,3,Iktotch
2023-06-14 14:10:10,528,at-at,resistance,3,4,2,3,Kalee
2023-06-14 14:10:09,529,at-at,resistance,4,4,10,5,Zolan
2023-06-14 14:10:08,530,resistance_soldier,resistance,6,4,5,6,Kashyyyk
2023-06-14 14:10:07,531,tie_fighter,resistance,6,6,1,3,Bestine IV
2023-06-14 14:10:06,532,x-wing,empire,10,9,6,4,Zolan
2023-06-14 14:10:05,533,tie_fighter,resistance,8,3,2,3,Stewjon
2023-06-14 14:10:04,534,x-wing,empire,8,10,7,4,Aleen Minor
2023-06-14 14:10:03,535,at-at,empire,2,2,1,7,Vulpter
2023-06-14 14:10:02,536,x-wing,empire,2,2,6,1,Quermia
2023-06-14 14:10:01,537,tie_silencer,empire,3,2,8,4,Vulpter
2023-06-14 14:10:00,538,at-at,empire,4,2,2,8,Socorro
2023-06-14 14:09:59,539,stormtrooper,resistance,8,3,9,4,Tatooine
2023-06-14 14:09:58,540,tie_fighter,resistance,5,5,8,3,Troiken
2023-06-14 14:09:57,541,stormtrooper,empire,5,3,1,6,Chandrila
2023-06-14 14:09:56,542,at-st,resistance,4,2,4,4,Corellia
2023-06-14 14:09:55,543,stormtrooper,resistance,8,4,6,2,Champala
2023-06-14 14:09:54,544,at-st,empire,9,8,9,9,Bestine IV
2023-06-14 14:09:53,545,tie_fighter,empire,3,5,1,7,Kalee
2023-06-14 14:09:52,546,unknown,empire,3,5,3,3,Kashyyyk
2023-06-14 14:09:51,547,at-at,resistance,7,2,8,4,Rodia
2023-06-14 14:09:50,548,tie_fighter,resistance,4,2,7,2,Aleen Minor
2023-06-14 14:09:49,549,unknown,empire,7,10,4,3,Zolan
2023-06-14 14:09:48,550,stormtrooper,empire,9,9,10,3,Stewjon
2023-06-14 14:09:47,551,at-st,resistance,2,7,7,4,Cerea
2023-06-14 14:09:46,552,unknown,resistance,3,2,1,9,Skako
2023-06-14 14:09:45,553,tie_fighter,empire,10,8,4,1,Naboo
2023-06-14 14:09:44,554,x-wing,resistance,8,1,9,5,Mon Cala
2023-06-14 14:09:43,555,stormtrooper,resistance,1,9,4,7,Tholoth
2023-06-14 14:09:42,556,stormtrooper,empire,5,6,1,3,Troiken
2023-06-14 14:09:41,557,at-at,empire,4,3,10,10,Stewjon
2023-06-14 14:09:40,558,tie_silencer,empire,2,6,5,9,Dathomir
2023-06-14 14:09:39,559,stormtrooper,resistance,2,4,1,3,Concord Dawn
2023-06-14 14:09:38,560,x-wing,resistance,8,9,6,10,Alderaan
2023-06-14 14:09:37,561,at-at,resistance,1,9,9,9,Champala
2023-06-14 14:09:36,562,at-st,empire,5,1,8,7,Tund
2023-06-14 14:09:35,563,resistance_soldier,empire,8,6,5,4,Troiken
2023-06-14 14:09:34,564,at-at,resistance,3,5,8,1,Dagobah
2023-06-14 14:09:33,565,at-st,resistance,7,6,1,3,Shili
2023-06-14 14:09:32,566,stormtrooper,resistance,5,4,2,10,Naboo
2023-06-14 14:09:31,567,tie_silencer,empire,2,4,5,8,Serenno
2023-06-14 14:09:30,568,at-st,resistance,5,3,3,9,Alderaan
2023-06-14 14:09:29,569,at-at,resistance,7,1,8,4,Glee Anselm
2023-06-14 14:09:28,570,x-wing,resistance,1,2,6,1,Socorro
2023-06-14 14:09:27,571,at-at,resistance,6,6,4,8,Umbara
2023-06-14 14:09:26,572,x-wing,resistance,1,9,9,7,Umbara
2023-06-14 14:09:25,573,unknown,resistance,10,6,6,10,Cerea
2023-06-14 14:09:24,574,unknown,empire,9,1,8,5,Chandrila
2023-06-14 14:09:23,575,tie_fighter,resistance,3,10,7,5,Tund
2023-06-14 14:09:22,576,x-wing,resistance,7,4,1,8,Dagobah
2023-06-14 14:09:21,577,x-wing,resistance,10,4,7,1,Tholoth
2023-06-14 14:09:20,578,at-at,resistance,8,1,3,10,Corellia
2023-06-14 14:09:19,579,stormtrooper,resistance,6,1,9,10,Malastare
2023-06-14 14:09:18,580,tie_fighter,empire,5,10,7,5,Champala
2023-06-14 14:09:17,581,unknown,resistance,5,3,9,10,Iridonia
2023-06-14 14:09:16,582,stormtrooper,empire,3,5,3,8,Corellia
2023-06-14 14:09:15,583,x-wing,resistance,7,6,9,4,Quermia
2023-06-14 14:09:14,584,at-at,empire,5,8,7,8,Sullust
2023-06-14 14:09:13,585,at-st,resistance,9,1,2,1,Stewjon
2023-06-14 14:09:12,586,tie_silencer,empire,4,2,8,6,Socorro
2023-06-14 14:09:11,587,x-wing,empire,3,6,9,6,Socorro
2023-06-14 14:09:10,588,resistance_soldier,empire,2,9,5,4,Dorin
2023-06-14 14:09:09,589,tie_fighter,resistance,8,4,8,6,Alderaan
2023-06-14 14:09:08,590,at-at,empire,1,6,1,7,Tholoth
2023-06-14 14:09:07,591,unknown,empire,8,8,3,5,Shili
2023-06-14 14:09:06,592,at-st,empire,4,3,3,8,Vulpter
2023-06-14 14:09:05,593,tie_silencer,empire,10,7,3,8,Corellia
2023-06-14 14:09:04,594,stormtrooper,empire,10,4,4,6,Shili
2023-06-14 14:09:03,595,tie_fighter,empire,2,9,3,5,Kalee
2023-06-14 14:09:02,596,resistance_soldier,empire,1,3,6,5,Ojom
2023-06-14 14:09:01,597,resistance_soldier,resistance,7,2,3,9,Haruun Kal
2023-06-14 14:09:00,598,unknown,resistance,1,1,4,5,Dorin
2023-06-14 14:08:59,599,tie_fighter,resistance,6,4,7,10,Zolan
2023-06-14 14:08:58,600,tie_fighter,empire,5,4,7,5,Alderaan
2023-06-14 14:08:57,601,tie_fighter,resistance,10,3,6,10,Eriadu
2023-06-14 14:08:56,602,tie_silencer,empire,3,6,10,4,Ojom
2023-06-14 14:08:55,603,x-wing,empire,8,6,4,10,Quermia
2023-06-14 14:08:54,604,at-at,empire,5,2,9,1,Chandrila
2023-06-14 14:08:53,605,tie_fighter,empire,2,3,4,7,Quermia
2023-06-14 14:08:52,606,tie_fighter,empire,3,9,9,10,Vulpter
2023-06-14 14:08:51,607,tie_fighter,empire,10,10,6,9,Eriadu
2023-06-14 14:08:50,608,tie_silencer,resistance,8,10,3,1,Shili
2023-06-14 14:08:49,609,resistance_soldier,resistance,6,2,4,5,Zolan
2023-06-14 14:08:48,610,unknown,resistance,8,4,10,5,Aleen Minor
2023-06-14 14:08:47,611,tie_fighter,empire,9,9,9,9,Concord Dawn
2023-06-14 14:08:46,612,tie_silencer,empire,10,6,1,9,Trandosha
2023-06-14 14:08:45,613,stormtrooper,resistance,1,1,6,4,Tund
2023-06-14 14:08:44,614,at-st,empire,6,8,5,7,Socorro
2023-06-14 14:08:43,615,at-st,resistance,3,6,9,9,Socorro
2023-06-14 14:08:42,616,tie_silencer,empire,10,6,5,8,Dathomir
2023-06-14 14:08:41,617,tie_silencer,resistance,2,1,9,1,Zolan
2023-06-14 14:08:40,618,stormtrooper,resistance,7,1,1,6,Chandrila
2023-06-14 14:08:39,619,at-at,resistance,7,10,5,8,Tatooine
2023-06-14 14:08:38,620,x-wing,resistance,2,4,3,5,Mon Cala
2023-06-14 14:08:37,621,tie_silencer,empire,1,8,3,10,Naboo
2023-06-14 14:08:36,622,at-st,empire,8,1,6,10,Malastare
2023-06-14 14:08:35,623,at-at,empire,8,6,1,2,Iridonia
2023-06-14 14:08:34,624,tie_silencer,empire,2,2,4,4,Trandosha
2023-06-14 14:08:33,625,stormtrooper,empire,10,8,1,6,Ryloth
2023-06-14 14:08:32,626,at-st,empire,7,3,4,8,Quermia
2023-06-14 14:08:31,627,at-st,empire,1,8,4,2,Stewjon
2023-06-14 14:08:30,628,unknown,empire,8,3,10,10,Concord Dawn
2023-06-14 14:08:29,629,at-at,resistance,2,9,7,4,Haruun Kal
2023-06-14 14:08:28,630,resistance_soldier,resistance,5,5,5,4,Muunilinst
2023-06-14 14:08:27,631,at-at,empire,9,9,1,6,Tholoth
2023-06-14 14:08:26,632,resistance_soldier,resistance,3,2,9,4,Dagobah
2023-06-14 14:08:25,633,x-wing,empire,2,3,5,6,Eriadu
2023-06-14 14:08:24,634,resistance_soldier,empire,3,2,10,1,Ryloth
2023-06-14 14:08:23,635,tie_silencer,resistance,10,6,1,6,Stewjon
2023-06-14 14:08:22,636,stormtrooper,resistance,6,7,5,1,Skako
2023-06-14 14:08:21,637,tie_silencer,resistance,7,6,2,6,Tatooine
2023-06-14 14:08:20,638,x-wing,empire,4,4,5,7,Iridonia
2023-06-14 14:08:19,639,tie_silencer,empire,1,1,1,4,Umbara
2023-06-14 14:08:18,640,resistance_soldier,empire,1,6,4,5,Skako
2023-06-14 14:08:17,641,stormtrooper,empire,10,7,6,3,Iktotch
2023-06-14 14:08:16,642,at-st,resistance,6,7,1,8,Chandrila
2023-06-14 14:08:15,643,resistance_soldier,resistance,6,3,4,7,Muunilinst
2023-06-14 14:08:14,644,at-st,empire,4,1,3,10,Ryloth
2023-06-14 14:08:13,645,at-at,empire,3,3,2,8,Zolan
2023-06-14 14:08:12,646,x-wing,resistance,8,5,3,5,Stewjon
2023-06-14 14:08:11,647,at-at,resistance,1,1,9,9,Chandrila
2023-06-14 14:08:10,648,x-wing,empire,9,9,8,8,Zolan
2023-06-14 14:08:09,649,x-wing,empire,6,10,3,8,Tund
2023-06-14 14:08:08,650,unknown,empire,4,1,5,3,Socorro
2023-06-14 14:08:07,651,at-st,empire,5,5,1,2,Champala
2023-06-14 14:08:06,652,at-at,resistance,1,6,2,10,Socorro
2023-06-14 14:08:05,653,unknown,empire,6,9,7,10,Naboo
2023-06-14 14:08:04,654,unknown,resistance,9,5,4,6,Muunilinst
2023-06-14 14:08:03,655,stormtrooper,empire,4,1,10,4,Iridonia
2023-06-14 14:08:02,656,resistance_soldier,resistance,1,3,6,7,Chandrila
2023-06-14 14:08:01,657,tie_silencer,resistance,8,5,8,7,Concord Dawn
2023-06-14 14:08:00,658,stormtrooper,empire,4,2,3,4,Skako
2023-06-14 14:07:59,659,at-st,resistance,3,8,4,3,Socorro
2023-06-14 14:07:58,660,resistance_soldier,empire,4,3,7,8,Zolan
2023-06-14 14:07:57,661,resistance_soldier,empire,10,9,8,10,Toydaria
2023-06-14 14:07:56,662,at-at,empire,5,1,8,6,Stewjon
2023-06-14 14:07:55,663,unknown,empire,6,9,5,3,Dathomir
2023-06-14 14:07:54,664,stormtrooper,empire,6,7,1,5,Mon Cala
2023-06-14 14:07:53,665,at-at,empire,7,2,3,4,Tatooine
2023-06-14 14:07:52,666,resistance_soldier,resistance,7,1,9,1,Mirial
2023-06-14 14:07:51,667,tie_fighter,empire,8,8,1,3,Chandrila
2023-06-14 14:07:50,668,at-st,resistance,8,2,2,7,Alderaan
2023-06-14 14:07:49,669,at-at,empire,8,10,5,10,Socorro
2023-06-14 14:07:48,670,unknown,empire,8,6,10,7,Mirial
2023-06-14 14:07:47,671,tie_silencer,empire,8,6,1,5,Glee Anselm
2023-06-14 14:07:46,672,at-at,empire,10,6,3,10,Stewjon
2023-06-14 14:07:45,673,at-at,resistance,9,4,7,6,Vulpter
2023-06-14 14:07:44,674,stormtrooper,resistance,10,8,7,10,Alderaan
2023-06-14 14:07:43,675,unknown,empire,8,4,10,9,Glee Anselm
2023-06-14 14:07:42,676,at-st,resistance,7,10,8,4,Shili
2023-06-14 14:07:41,677,x-wing,empire,10,4,2,8,Cerea
2023-06-14 14:07:40,678,stormtrooper,empire,1,6,1,3,Iridonia
2023-06-14 14:07:39,679,tie_fighter,resistance,10,4,10,6,Iktotch
2023-06-14 14:07:38,680,x-wing,resistance,5,6,8,7,Glee Anselm
2023-06-14 14:07:37,681,resistance_soldier,empire,2,7,8,4,Iridonia
2023-06-14 14:07:36,682,stormtrooper,resistance,8,4,3,4,Iktotch
2023-06-14 14:07:35,683,unknown,resistance,8,3,7,4,Cerea
2023-06-14 14:07:34,684,at-st,empire,1,2,9,4,Serenno
2023-06-14 14:07:33,685,at-st,empire,3,4,4,3,Aleen Minor
2023-06-14 14:07:32,686,tie_silencer,resistance,6,5,4,10,Mirial
2023-06-14 14:07:31,687,tie_fighter,empire,2,2,6,5,Dathomir
2023-06-14 14:07:30,688,tie_fighter,resistance,7,9,7,8,Ojom
2023-06-14 14:07:29,689,stormtrooper,empire,10,10,10,6,Concord Dawn
2023-06-14 14:07:28,690,stormtrooper,empire,4,2,3,5,Dorin
2023-06-14 14:07:27,691,resistance_soldier,resistance,10,5,4,6,Skako
2023-06-14 14:07:26,692,at-st,empire,6,7,1,4,Toydaria
2023-06-14 14:07:25,693,unknown,resistance,8,8,6,10,Shili
2023-06-14 14:07:24,694,at-st,empire,2,8,5,5,Concord Dawn
2023-06-14 14:07:23,695,tie_silencer,empire,3,2,4,7,Stewjon
2023-06-14 14:07:22,696,resistance_soldier,resistance,1,8,1,7,Quermia
2023-06-14 14:07:21,697,resistance_soldier,empire,4,2,6,2,Tund
2023-06-14 14:07:20,698,tie_fighter,resistance,7,2,1,2,Ryloth
2023-06-14 14:07:19,699,x-wing,empire,3,5,8,8,Alderaan
2023-06-14 14:07:18,700,at-at,resistance,5,3,9,5,Kashyyyk
2023-06-14 14:07:17,701,stormtrooper,resistance,9,9,3,10,Concord Dawn
2023-06-14 14:07:16,702,stormtrooper,resistance,10,4,8,4,Bestine IV
2023-06-14 14:07:15,703,tie_fighter,empire,3,9,3,5,Toydaria
2023-06-14 14:07:14,704,at-at,resistance,7,8,3,9,Rodia
2023-06-14 14:07:13,705,at-st,empire,8,10,4,4,Quermia
2023-06-14 14:07:12,706,at-at,empire,5,5,8,3,Toydaria
2023-06-14 14:07:11,707,at-st,resistance,1,2,3,4,Iktotch
2023-06-14 14:07:10,708,tie_silencer,resistance,1,10,7,3,Iridonia
2023-06-14 14:07:09,709,stormtrooper,empire,4,3,8,9,Dagobah
2023-06-14 14:07:08,710,resistance_soldier,resistance,5,1,9,2,Mon Cala
2023-06-14 14:07:07,711,at-at,empire,3,1,9,7,Trandosha
2023-06-14 14:07:06,712,at-at,resistance,4,9,5,7,Naboo
2023-06-14 14:07:05,713,x-wing,empire,8,10,6,6,Tatooine
2023-06-14 14:07:04,714,tie_fighter,resistance,2,7,10,1,Toydaria
2023-06-14 14:07:03,715,resistance_soldier,resistance,6,10,9,9,Bestine IV
2023-06-14 14:07:02,716,at-st,empire,1,5,7,5,Muunilinst
2023-06-14 14:07:01,717,tie_silencer,resistance,1,3,3,5,Iridonia
2023-06-14 14:07:00,718,at-at,resistance,1,7,6,4,Stewjon
2023-06-14 14:06:59,719,resistance_soldier,resistance,9,9,3,6,Glee Anselm
2023-06-14 14:06:58,720,resistance_soldier,empire,1,9,7,4,Chandrila
2023-06-14 14:06:57,721,at-st,resistance,9,3,9,2,Tholoth
2023-06-14 14:06:56,722,tie_silencer,empire,8,3,5,10,Cerea
2023-06-14 14:06:55,723,tie_fighter,resistance,1,1,5,7,Rodia
2023-06-14 14:06:54,724,at-at,resistance,6,10,2,4,Shili
2023-06-14 14:06:53,725,tie_silencer,resistance,3,3,6,5,Sullust
2023-06-14 14:06:52,726,tie_silencer,empire,1,6,4,6,Kashyyyk
2023-06-14 14:06:51,727,tie_silencer,resistance,5,3,1,5,Corellia
2023-06-14 14:06:50,728,unknown,empire,3,7,2,7,Rodia
2023-06-14 14:06:49,729,x-wing,resistance,4,2,9,7,Stewjon
2023-06-14 14:06:48,730,x-wing,empire,2,7,7,10,Concord Dawn
2023-06-14 14:06:47,731,at-st,resistance,2,8,3,2,Socorro
2023-06-14 14:06:46,732,at-at,empire,1,2,6,2,Tund
2023-06-14 14:06:45,733,stormtrooper,resistance,2,8,1,8,Troiken
2023-06-14 14:06:44,734,unknown,resistance,6,5,7,10,Troiken
2023-06-14 14:06:43,735,tie_fighter,empire,8,1,3,3,Stewjon
2023-06-14 14:06:42,736,x-wing,resistance,1,9,10,5,Stewjon
2023-06-14 14:06:41,737,at-at,empire,5,7,7,7,Aleen Minor
2023-06-14 14:06:40,738,tie_fighter,empire,1,9,2,8,Toydaria
2023-06-14 14:06:39,739,tie_fighter,empire,9,8,3,4,Tholoth
2023-06-14 14:06:38,740,tie_fighter,empire,1,6,4,6,Tatooine
2023-06-14 14:06:37,741,at-at,resistance,8,9,3,1,Tatooine
2023-06-14 14:06:36,742,tie_fighter,empire,7,9,7,2,Vulpter
2023-06-14 14:06:35,743,stormtrooper,empire,6,5,8,2,Shili
2023-06-14 14:06:34,744,at-st,empire,1,9,10,6,Concord Dawn
2023-06-14 14:06:33,745,tie_silencer,empire,1,2,8,7,Concord Dawn
2023-06-14 14:06:32,746,tie_silencer,empire,4,5,2,9,Zolan
2023-06-14 14:06:31,747,stormtrooper,empire,10,1,5,8,Kalee
2023-06-14 14:06:30,748,resistance_soldier,resistance,2,5,7,9,Mon Cala
2023-06-14 14:06:29,749,resistance_soldier,resistance,5,4,2,5,Mirial
2023-06-14 14:06:28,750,at-at,resistance,1,1,5,1,Eriadu
2023-06-14 14:06:27,751,resistance_soldier,empire,4,9,10,3,Sullust
2023-06-14 14:06:26,752,x-wing,empire,4,5,9,5,Mirial
2023-06-14 14:06:25,753,stormtrooper,empire,4,10,6,7,Malastare
2023-06-14 14:06:24,754,x-wing,empire,5,2,5,10,Alderaan
2023-06-14 14:06:23,755,stormtrooper,empire,4,9,6,2,Toydaria
2023-06-14 14:06:22,756,tie_silencer,resistance,2,10,5,7,Tholoth
2023-06-14 14:06:21,757,stormtrooper,empire,7,2,5,10,Ryloth
2023-06-14 14:06:20,758,stormtrooper,empire,3,2,4,9,Muunilinst
2023-06-14 14:06:19,759,tie_fighter,empire,8,5,1,10,Naboo
2023-06-14 14:06:18,760,stormtrooper,resistance,3,3,2,9,Dagobah
2023-06-14 14:06:17,761,at-st,resistance,10,1,10,3,Troiken
2023-06-14 14:06:16,762,x-wing,resistance,3,2,2,3,Tholoth
2023-06-14 14:06:15,763,at-at,resistance,6,7,7,3,Shili
2023-06-14 14:06:14,764,at-at,empire,9,4,1,7,Tholoth
2023-06-14 14:06:13,765,at-st,empire,4,4,2,3,Skako
2023-06-14 14:06:12,766,unknown,resistance,5,10,3,10,Dorin
2023-06-14 14:06:11,767,stormtrooper,resistance,4,3,4,1,Aleen Minor
2023-06-14 14:06:10,768,resistance_soldier,resistance,9,6,3,1,Dagobah
2023-06-14 14:06:09,769,x-wing,resistance,4,4,10,8,Sullust
2023-06-14 14:06:08,770,tie_fighter,empire,5,10,7,7,Sullust
2023-06-14 14:06:07,771,stormtrooper,empire,1,6,1,3,Trandosha
2023-06-14 14:06:06,772,at-st,empire,10,7,7,8,Rodia
2023-06-14 14:06:05,773,x-wing,resistance,9,10,8,6,Tatooine
2023-06-14 14:06:04,774,x-wing,empire,3,5,5,10,Dorin
2023-06-14 14:06:03,775,tie_silencer,empire,8,10,10,7,Dathomir
2023-06-14 14:06:02,776,resistance_soldier,empire,5,6,6,2,Concord Dawn
2023-06-14 14:06:01,777,tie_fighter,resistance,6,5,1,3,Tholoth
2023-06-14 14:06:00,778,at-at,empire,2,10,8,10,Ryloth
2023-06-14 14:05:59,779,unknown,resistance,4,10,2,8,Mon Cala
2023-06-14 14:05:58,780,resistance_soldier,empire,2,9,7,9,Iridonia
2023-06-14 14:05:57,781,at-at,empire,4,9,1,4,Cerea
2023-06-14 14:05:56,782,tie_fighter,empire,10,10,10,4,Toydaria
2023-06-14 14:05:55,783,x-wing,empire,9,9,8,4,Iridonia
2023-06-14 14:05:54,784,unknown,resistance,7,8,1,5,Kalee
2023-06-14 14:05:53,785,stormtrooper,resistance,8,8,3,3,Ryloth
2023-06-14 14:05:52,786,tie_fighter,empire,6,1,9,7,Ryloth
2023-06-14 14:05:51,787,tie_silencer,empire,2,9,6,5,Kalee
2023-06-14 14:05:50,788,at-st,resistance,2,1,3,3,Tatooine
2023-06-14 14:05:49,789,at-at,resistance,2,4,6,9,Toydaria
2023-06-14 14:05:48,790,stormtrooper,empire,7,1,5,8,Mirial
2023-06-14 14:05:47,791,resistance_soldier,empire,5,8,6,1,Tatooine
2023-06-14 14:05:46,792,unknown,resistance,10,3,7,3,Alderaan
2023-06-14 14:05:45,793,unknown,empire,8,6,5,9,Kashyyyk
2023-06-14 14:05:44,794,at-st,empire,8,6,4,7,Rodia
2023-06-14 14:05:43,795,at-at,empire,4,4,6,10,Alderaan
2023-06-14 14:05:42,796,tie_fighter,empire,3,6,6,7,Bestine IV
2023-06-14 14:05:41,797,tie_fighter,resistance,7,10,6,9,Trandosha
2023-06-14 14:05:40,798,tie_fighter,empire,1,9,9,8,Iridonia
2023-06-14 14:05:39,799,at-st,empire,4,10,7,1,Zolan
2023-06-14 14:05:38,800,tie_fighter,resistance,6,8,3,5,Serenno
2023-06-14 14:05:37,801,x-wing,resistance,3,1,5,6,Zolan
2023-06-14 14:05:36,802,tie_fighter,empire,7,4,7,8,Champala
2023-06-14 14:05:35,803,unknown,empire,2,2,1,9,Muunilinst
2023-06-14 14:05:34,804,tie_fighter,empire,3,8,7,5,Ryloth
2023-06-14 14:05:33,805,at-at,empire,9,7,3,7,Rodia
2023-06-14 14:05:32,806,at-st,empire,7,2,8,10,Champala
2023-06-14 14:05:31,807,x-wing,resistance,3,3,7,1,Chandrila
2023-06-14 14:05:30,808,x-wing,resistance,7,5,9,8,Vulpter
2023-06-14 14:05:29,809,tie_silencer,resistance,2,5,8,1,Tholoth
2023-06-14 14:05:28,810,at-at,empire,6,4,9,3,Corellia
2023-06-14 14:05:27,811,stormtrooper,empire,3,1,1,4,Bestine IV
2023-06-14 14:05:26,812,tie_fighter,resistance,7,2,9,10,Aleen Minor
2023-06-14 14:05:25,813,at-at,resistance,4,7,8,8,Champala
2023-06-14 14:05:24,814,at-st,resistance,9,9,4,4,Toydaria
2023-06-14 14:05:23,815,at-st,empire,5,3,2,7,Muunilinst
2023-06-14 14:05:22,816,unknown,empire,8,6,8,1,Concord Dawn
2023-06-14 14:05:21,817,tie_silencer,empire,8,2,1,9,Mon Cala
2023-06-14 14:05:20,818,tie_fighter,empire,7,4,7,2,Trandosha
2023-06-14 14:05:19,819,tie_silencer,empire,2,3,3,10,Kalee
2023-06-14 14:05:18,820,unknown,resistance,9,9,9,9,Chandrila
2023-06-14 14:05:17,821,at-st,empire,7,10,10,4,Dorin
2023-06-14 14:05:16,822,tie_silencer,empire,6,2,4,1,Champala
2023-06-14 14:05:15,823,at-st,resistance,7,4,7,6,Cerea
2023-06-14 14:05:14,824,tie_fighter,empire,7,4,8,4,Tund
2023-06-14 14:05:13,825,x-wing,empire,4,4,2,4,Mirial
2023-06-14 14:05:12,826,x-wing,resistance,2,3,3,1,Troiken
2023-06-14 14:05:11,827,resistance_soldier,resistance,2,6,8,1,Dagobah
2023-06-14 14:05:10,828,at-at,resistance,6,6,5,5,Glee Anselm
2023-06-14 14:05:09,829,tie_silencer,resistance,2,1,6,4,Stewjon
2023-06-14 14:05:08,830,resistance_soldier,resistance,5,5,3,7,Umbara
2023-06-14 14:05:07,831,at-st,empire,9,10,10,9,Ryloth
2023-06-14 14:05:06,832,at-st,resistance,5,8,7,9,Ojom
2023-06-14 14:05:05,833,stormtrooper,resistance,2,2,7,5,Iridonia
2023-06-14 14:05:04,834,tie_fighter,empire,10,5,8,5,Mon Cala
2023-06-14 14:05:03,835,tie_fighter,resistance,4,8,3,3,Corellia
2023-06-14 14:05:02,836,tie_fighter,empire,6,8,7,4,Quermia
2023-06-14 14:05:01,837,stormtrooper,resistance,1,10,1,5,Stewjon
2023-06-14 14:05:00,838,x-wing,empire,9,10,7,10,Tund
2023-06-14 14:04:59,839,unknown,resistance,2,10,2,5,Alderaan
2023-06-14 14:04:58,840,unknown,empire,2,9,4,10,Serenno
2023-06-14 14:04:57,841,stormtrooper,empire,3,5,6,5,Shili
2023-06-14 14:04:56,842,x-wing,empire,3,2,2,2,Troiken
2023-06-14 14:04:55,843,tie_silencer,resistance,3,3,3,9,Tatooine
2023-06-14 14:04:54,844,tie_silencer,resistance,5,7,4,3,Tund
2023-06-14 14:04:53,845,resistance_soldier,empire,3,6,9,1,Dagobah
2023-06-14 14:04:52,846,resistance_soldier,resistance,1,2,2,4,Stewjon
2023-06-14 14:04:51,847,resistance_soldier,empire,5,7,9,3,Shili
2023-06-14 14:04:50,848,tie_fighter,empire,1,3,4,5,Tatooine
2023-06-14 14:04:49,849,unknown,empire,1,7,2,1,Tund
2023-06-14 14:04:48,850,unknown,resistance,5,9,7,10,Rodia
2023-06-14 14:04:47,851,at-st,empire,7,3,10,6,Champala
2023-06-14 14:04:46,852,unknown,empire,3,6,5,6,Chandrila
2023-06-14 14:04:45,853,x-wing,empire,7,4,1,5,Dagobah
2023-06-14 14:04:44,854,at-at,resistance,6,7,2,9,Muunilinst
2023-06-14 14:04:43,855,unknown,resistance,4,2,10,7,Corellia
2023-06-14 14:04:42,856,tie_fighter,empire,9,1,1,1,Dorin
2023-06-14 14:04:41,857,at-at,resistance,1,5,4,3,Naboo
2023-06-14 14:04:40,858,resistance_soldier,empire,7,10,9,8,Kashyyyk
2023-06-14 14:04:39,859,resistance_soldier,empire,5,9,9,10,Bestine IV
2023-06-14 14:04:38,860,tie_fighter,empire,3,2,10,6,Mon Cala
2023-06-14 14:04:37,861,tie_silencer,empire,2,1,4,4,Stewjon
2023-06-14 14:04:36,862,stormtrooper,empire,2,4,3,6,Kalee
2023-06-14 14:04:35,863,stormtrooper,resistance,4,9,10,6,Mirial
2023-06-14 14:04:34,864,unknown,empire,2,2,3,9,Corellia
2023-06-14 14:04:33,865,unknown,empire,1,10,8,4,Dorin
2023-06-14 14:04:32,866,resistance_soldier,resistance,7,10,7,2,Vulpter
2023-06-14 14:04:31,867,x-wing,resistance,10,1,1,1,Zolan
2023-06-14 14:04:30,868,tie_silencer,resistance,7,3,3,2,Iktotch
2023-06-14 14:04:29,869,resistance_soldier,resistance,10,8,10,2,Sullust
2023-06-14 14:04:28,870,unknown,empire,8,10,2,2,Tatooine
2023-06-14 14:04:27,871,unknown,resistance,1,7,6,3,Trandosha
2023-06-14 14:04:26,872,tie_silencer,empire,3,5,5,3,Skako
2023-06-14 14:04:25,873,resistance_soldier,empire,3,8,5,9,Quermia
2023-06-14 14:04:24,874,tie_fighter,resistance,3,1,5,4,Dagobah
2023-06-14 14:04:23,875,stormtrooper,resistance,10,6,9,3,Troiken
2023-06-14 14:04:22,876,tie_silencer,empire,8,6,1,8,Alderaan
2023-06-14 14:04:21,877,at-at,empire,8,8,7,3,Quermia
2023-06-14 14:04:20,878,x-wing,empire,3,5,8,6,Umbara
2023-06-14 14:04:19,879,resistance_soldier,resistance,8,6,5,10,Tund
2023-06-14 14:04:18,880,unknown,empire,9,2,4,10,Eriadu
2023-06-14 14:04:17,881,tie_silencer,empire,1,4,10,7,Chandrila
2023-06-14 14:04:16,882,x-wing,resistance,6,1,7,1,Cerea
2023-06-14 14:04:15,883,stormtrooper,resistance,9,1,4,7,Champala
2023-06-14 14:04:14,884,at-st,resistance,9,1,3,9,Serenno
2023-06-14 14:04:13,885,at-st,resistance,4,7,3,10,Muunilinst
2023-06-14 14:04:12,886,at-st,resistance,3,4,1,2,Concord Dawn
2023-06-14 14:04:11,887,resistance_soldier,resistance,4,7,7,9,Zolan
2023-06-14 14:04:10,888,x-wing,empire,10,2,4,8,Haruun Kal
2023-06-14 14:04:09,889,tie_silencer,resistance,9,4,6,6,Vulpter
2023-06-14 14:04:08,890,tie_fighter,resistance,7,7,5,10,Malastare
2023-06-14 14:04:07,891,resistance_soldier,resistance,7,4,6,9,Naboo
2023-06-14 14:04:06,892,stormtrooper,empire,4,3,2,7,Serenno
2023-06-14 14:04:05,893,x-wing,empire,10,9,7,7,Troiken
2023-06-14 14:04:04,894,at-at,empire,6,5,2,6,Stewjon
2023-06-14 14:04:03,895,stormtrooper,empire,4,6,6,7,Muunilinst
2023-06-14 14:04:02,896,stormtrooper,resistance,9,10,1,2,Champala
2023-06-14 14:04:01,897,stormtrooper,empire,3,1,6,8,Dathomir
2023-06-14 14:04:00,898,x-wing,empire,9,7,6,8,Quermia
2023-06-14 14:03:59,899,stormtrooper,empire,5,2,6,5,Malastare
2023-06-14 14:03:58,900,tie_silencer,resistance,10,4,2,3,Malastare
2023-06-14 14:03:57,901,unknown,resistance,8,4,6,3,Shili
2023-06-14 14:03:56,902,x-wing,empire,8,4,7,10,Tatooine
2023-06-14 14:03:55,903,unknown,empire,2,10,7,9,Socorro
2023-06-14 14:03:54,904,tie_silencer,resistance,1,3,8,3,Eriadu
2023-06-14 14:03:53,905,at-at,resistance,3,4,10,9,Dathomir
2023-06-14 14:03:52,906,at-st,empire,4,9,4,10,Quermia
2023-06-14 14:03:51,907,at-at,resistance,7,2,5,10,Tholoth
2023-06-14 14:03:50,908,resistance_soldier,resistance,10,6,7,3,Ojom
2023-06-14 14:03:49,909,unknown,empire,2,4,2,2,Stewjon
2023-06-14 14:03:48,910,tie_fighter,resistance,2,6,7,2,Kashyyyk
2023-06-14 14:03:47,911,at-at,empire,6,2,8,5,Vulpter
2023-06-14 14:03:46,912,tie_silencer,resistance,7,4,8,9,Dagobah
2023-06-14 14:03:45,913,tie_silencer,resistance,4,7,7,10,Naboo
2023-06-14 14:03:44,914,unknown,empire,7,1,9,8,Vulpter
2023-06-14 14:03:43,915,stormtrooper,resistance,2,1,5,10,Zolan
2023-06-14 14:03:42,916,at-at,resistance,6,5,6,5,Trandosha
2023-06-14 14:03:41,917,tie_silencer,empire,1,9,3,5,Tholoth
2023-06-14 14:03:40,918,tie_fighter,empire,1,3,5,8,Mon Cala
2023-06-14 14:03:39,919,x-wing,resistance,8,7,8,5,Socorro
2023-06-14 14:03:38,920,stormtrooper,empire,6,5,6,10,Dathomir
2023-06-14 14:03:37,921,at-at,empire,1,10,3,7,Umbara
2023-06-14 14:03:36,922,unknown,empire,8,10,3,7,Rodia
2023-06-14 14:03:35,923,at-at,empire,7,7,5,4,Dathomir
2023-06-14 14:03:34,924,x-wing,resistance,2,5,1,1,Iridonia
2023-06-14 14:03:33,925,unknown,empire,5,3,3,7,Stewjon
2023-06-14 14:03:32,926,unknown,empire,4,1,4,8,Naboo
2023-06-14 14:03:31,927,tie_fighter,resistance,2,4,8,5,Ryloth
2023-06-14 14:03:30,928,unknown,resistance,1,10,1,6,Bestine IV
2023-06-14 14:03:29,929,at-st,empire,3,3,3,9,Serenno
2023-06-14 14:03:28,930,x-wing,empire,3,2,9,9,Cerea
2023-06-14 14:03:27,931,unknown,resistance,2,7,10,5,Socorro
2023-06-14 14:03:26,932,stormtrooper,empire,7,7,6,1,Troiken
2023-06-14 14:03:25,933,at-st,resistance,7,9,9,9,Eriadu
2023-06-14 14:03:24,934,x-wing,empire,1,3,10,2,Aleen Minor
2023-06-14 14:03:23,935,unknown,resistance,8,8,8,7,Malastare
2023-06-14 14:03:22,936,tie_fighter,empire,8,8,9,7,Toydaria
2023-06-14 14:03:21,937,stormtrooper,empire,8,9,7,5,Chandrila
2023-06-14 14:03:20,938,resistance_soldier,empire,6,8,6,6,Corellia
2023-06-14 14:03:19,939,tie_fighter,empire,8,10,2,8,Umbara
2023-06-14 14:03:18,940,unknown,empire,10,3,1,4,Kashyyyk
2023-06-14 14:03:17,941,tie_silencer,empire,3,8,1,5,Muunilinst
2023-06-14 14:03:16,942,at-at,resistance,10,10,7,6,Dagobah
2023-06-14 14:03:15,943,x-wing,empire,5,9,1,2,Ojom
2023-06-14 14:03:14,944,tie_silencer,empire,4,2,4,8,Champala
2023-06-14 14:03:13,945,tie_fighter,resistance,10,8,3,10,Vulpter
2023-06-14 14:03:12,946,tie_fighter,empire,9,1,10,8,Stewjon
2023-06-14 14:03:11,947,stormtrooper,resistance,5,6,10,9,Corellia
2023-06-14 14:03:10,948,tie_fighter,resistance,5,6,4,7,Shili
2023-06-14 14:03:09,949,at-at,empire,1,6,2,10,Ryloth
2023-06-14 14:03:08,950,at-at,empire,1,1,4,9,Malastare
2023-06-14 14:03:07,951,at-at,empire,1,9,5,9,Mon Cala
2023-06-14 14:03:06,952,x-wing,empire,10,1,4,3,Malastare
2023-06-14 14:03:05,953,resistance_soldier,empire,5,6,8,1,Iktotch
2023-06-14 14:03:04,954,tie_silencer,empire,8,5,4,1,Haruun Kal
2023-06-14 14:03:03,955,x-wing,empire,6,9,8,10,Dorin
2023-06-14 14:03:02,956,unknown,resistance,3,6,1,5,Troiken
2023-06-14 14:03:01,957,tie_silencer,empire,1,7,1,3,Dorin
2023-06-14 14:03:00,958,stormtrooper,resistance,1,9,7,9,Glee Anselm
2023-06-14 14:02:59,959,stormtrooper,empire,9,8,9,10,Serenno
2023-06-14 14:02:58,960,tie_silencer,empire,5,6,3,1,Muunilinst
2023-06-14 14:02:57,961,tie_fighter,empire,3,8,8,1,Toydaria
2023-06-14 14:02:56,962,stormtrooper,resistance,1,9,10,9,Umbara
2023-06-14 14:02:55,963,tie_fighter,empire,1,5,9,1,Champala
2023-06-14 14:02:54,964,unknown,resistance,6,7,1,8,Iktotch
2023-06-14 14:02:53,965,stormtrooper,empire,6,6,2,2,Skako
2023-06-14 14:02:52,966,resistance_soldier,empire,3,6,3,5,Ryloth
2023-06-14 14:02:51,967,tie_fighter,empire,6,10,6,3,Malastare
2023-06-14 14:02:50,968,at-at,resistance,8,3,1,8,Dagobah
2023-06-14 14:02:49,969,tie_fighter,resistance,1,8,10,8,Malastare
2023-06-14 14:02:48,970,unknown,empire,6,6,10,2,Aleen Minor
2023-06-14 14:02:47,971,resistance_soldier,empire,2,1,7,2,Troiken
2023-06-14 14:02:46,972,tie_fighter,empire,5,9,8,7,Iktotch
2023-06-14 14:02:45,973,at-st,resistance,5,10,1,4,Trandosha
2023-06-14 14:02:44,974,tie_silencer,resistance,2,3,2,7,Malastare
2023-06-14 14:02:43,975,resistance_soldier,resistance,3,7,5,9,Bestine IV
2023-06-14 14:02:42,976,at-st,resistance,9,9,5,8,Haruun Kal
2023-06-14 14:02:41,977,tie_fighter,resistance,3,4,6,8,Iktotch
2023-06-14 14:02:40,978,stormtrooper,empire,4,2,10,9,Dagobah
2023-06-14 14:02:39,979,at-at,resistance,5,7,9,8,Dorin
2023-06-14 14:02:38,980,at-at,empire,7,10,5,9,Bestine IV
2023-06-14 14:02:37,981,at-at,empire,7,8,1,7,Bestine IV
2023-06-14 14:02:36,982,tie_fighter,empire,4,6,2,5,Dathomir
2023-06-14 14:02:35,983,at-at,empire,10,10,8,7,Dathomir
2023-06-14 14:02:34,984,tie_fighter,empire,4,9,7,6,Skako
2023-06-14 14:02:33,985,at-st,empire,5,10,1,5,Trandosha
2023-06-14 14:02:32,986,tie_fighter,empire,6,6,4,8,Shili
2023-06-14 14:02:31,987,tie_silencer,empire,8,6,6,6,Kashyyyk
2023-06-14 14:02:30,988,resistance_soldier,resistance,5,1,5,5,Umbara
2023-06-14 14:02:29,989,resistance_soldier,empire,1,9,10,8,Champala
2023-06-14 14:02:28,990,x-wing,resistance,7,7,10,10,Vulpter
2023-06-14 14:02:27,991,x-wing,resistance,7,2,9,10,Kashyyyk
2023-06-14 14:02:26,992,stormtrooper,empire,2,3,2,10,Chandrila
2023-06-14 14:02:25,993,x-wing,empire,7,9,4,2,Glee Anselm
2023-06-14 14:02:24,994,at-at,resistance,6,4,8,1,Stewjon
2023-06-14 14:02:23,995,resistance_soldier,empire,4,10,1,3,Tholoth
2023-06-14 14:02:22,996,x-wing,resistance,6,4,4,9,Chandrila
2023-06-14 14:02:21,997,at-st,resistance,3,9,5,3,Mon Cala
2023-06-14 14:02:20,998,stormtrooper,resistance,9,6,1,5,Quermia
2023-06-14 14:02:19,999,stormtrooper,empire,7,4,2,2,Sullust
2023-06-14 14:02:18,1000,at-st,resistance,9,5,3,9,Ojom
